,iauname,ra,dec,ep_5_flux,ep_5_flux_err,ep_9_flux,ep_8_flux
0,4XMM J174450.3-284935,266.21115290594,-28.825310972022,1.0465816e-10,5.613039e-12,6.568416e-13,1.1675814e-10
1,4XMM J110811.9-191934,167.04980122976,-19.326190080481,1.3269429e-10,2.672691e-11,7.235021e-13,1.3689644e-10
2,4XMM J122419.2+582133,186.08036736087,58.359172986817,1.0227097e-10,6.2340333e-12,1.6070969e-12,1.1401182e-10
3,4XMM J163201.7-475228,248.00732806565,-47.874730527809,1.0076071e-10,4.8814425e-13,2.544026e-12,1.0601182e-10
4,4XMM J163201.7-475228,248.00730943307,-47.874745997989,1.1704461e-10,6.910622e-13,2.7913416e-12,1.2262687e-10
5,4XMM J155526.7+350827,238.86129844308,35.141027119911,1.3406756e-10,2.152219e-11,2.8085368e-12,1.3883947e-10
6,4XMM J163201.7-475228,248.00733727017,-47.874689830729,1.4935338e-10,3.886336e-13,3.1277973e-12,1.5589717e-10
7,4XMM J181432.7-170928,273.63730891315,-17.156658840773,1.7780037e-10,3.2734462e-12,3.172881e-12,2.6722272e-10
8,4XMM J203241.6+410433,308.17373012471,41.076104071625,1.3774523e-10,5.1971023e-12,3.3318888e-12,1.7219871e-10
9,4XMM J182327.0+743826,275.86287771623,74.640811025779,1.0824758e-10,7.343635e-12,3.6763184e-12,1.1850863e-10
10,4XMM J174621.0-284343,266.58673534711,-28.728894091666,1.1599517e-10,4.725645e-13,4.1625683e-12,1.2468505e-10
11,4XMM J174621.0-284343,266.58790558551,-28.728754364688,1.2494378e-10,2.4581127e-13,4.252388e-12,1.3392326e-10
12,4XMM J174621.0-284343,266.58798647297,-28.728263018331,1.145226e-10,8.475587e-13,4.318612e-12,1.2337949e-10
13,4XMM J174621.0-284343,266.58804434487,-28.729067908348,2.469415e-10,1.1561136e-12,4.321731e-12,2.590135e-10
14,4XMM J122511.8+581448,186.29929784115,58.246938652518,1.3678289e-10,9.9533125e-12,4.3233047e-12,1.479729e-10
15,4XMM J174621.0-284343,266.5879374981,-28.728672518477,1.2689076e-10,7.3774835e-13,4.4602134e-12,1.3619068e-10
16,4XMM J174621.0-284343,266.58791794417,-28.728879273276,1.3862086e-10,8.9934375e-13,4.563122e-12,1.4821608e-10
17,4XMM J174621.0-284343,266.58742475615,-28.728626806323,1.2975199e-10,3.5344479e-13,4.5764694e-12,1.3941702e-10
18,4XMM J174502.4-284929,266.26003119492,-28.824196881917,1.4231069e-10,1.6241843e-12,4.6466364e-12,1.5943928e-10
19,4XMM J170356.7-375038,255.98660933414,-37.84416218868,1.4765543e-10,5.842386e-13,4.7183754e-12,1.5460412e-10
20,4XMM J174621.0-284343,266.58767094178,-28.728726485865,1.255675e-10,7.6319045e-13,4.730268e-12,1.3534539e-10
21,4XMM J174621.0-284343,266.58789601664,-28.728554468309,1.0702565e-10,1.6091425e-13,4.8840545e-12,1.1735418e-10
22,4XMM J174621.0-284343,266.58784158504,-28.72847655703,1.3983863e-10,7.6063293e-13,4.96048e-12,1.5009284e-10
23,4XMM J174621.0-284343,266.58777406675,-28.728555705524,1.2199593e-10,7.717591e-13,5.0447654e-12,1.323391e-10
24,4XMM J174621.0-284343,266.58773458504,-28.728882979573,1.4770446e-10,3.9052138e-13,5.1155647e-12,1.581409e-10
25,4XMM J174621.0-284343,266.58763823965,-28.728703875799,1.778413e-10,4.0954485e-13,5.651411e-12,1.8973748e-10
26,4XMM J174535.3-290140,266.39779511078,-29.026129103021,1.1937455e-10,3.4578647e-13,5.722976e-12,1.3574881e-10
27,4XMM J191511.5+105644,288.7981456892,10.945805625442,1.0479805e-10,3.0542937e-13,5.9935355e-12,1.1536125e-10
28,4XMM J174535.3-290140,266.3986690102,-29.026111955213,1.0375738e-10,3.6147054e-13,6.074116e-12,1.1640924e-10
29,4XMM J165814.2-424140,254.55941226473,-42.694479813882,1.4311342e-10,9.130626e-13,6.1387197e-12,1.7594876e-10
30,4XMM J174535.3-290140,266.39858848753,-29.026056982176,1.0477241e-10,1.7602575e-13,6.5299836e-12,1.185725e-10
31,4XMM J162802.4-491143,247.01039400134,-49.195527506523,1.2286763e-10,1.4878825e-12,6.634511e-12,1.376022e-10
32,4XMM J174535.6-290133,266.39856492979,-29.026019358759,1.133087e-10,1.3975132e-13,6.6749115e-12,1.2711049e-10
33,4XMM J174535.6-290133,266.39848195099,-29.025813249111,1.3998011e-10,1.5138372e-13,7.1526587e-12,1.5521434e-10
34,4XMM J174535.6-290133,266.39839111014,-29.026092709531,1.2707296e-10,5.950521e-13,7.1888845e-12,1.4188407e-10
35,4XMM J182944.0-095124,277.43335105255,-9.8568012750198,1.1003447e-10,4.0623997e-12,7.383472e-12,1.232073e-10
36,4XMM J174535.6-290133,266.39843754956,-29.026037750907,1.327572e-10,1.8051515e-13,7.386121e-12,1.4792104e-10
37,4XMM J174354.8-294443,265.97850264055,-29.745272588912,1.4713852e-10,1.6368441e-13,7.641039e-12,1.6484272e-10
38,4XMM J174535.6-290133,266.3985871473,-29.026034174123,1.3194186e-10,1.5888242e-13,7.75656e-12,1.480906e-10
39,4XMM J174535.3-290140,266.39857029204,-29.026133361095,1.5045439e-10,2.5243926e-13,8.249692e-12,1.6780005e-10
40,4XMM J174535.3-290140,266.39855841278,-29.026107597062,1.434157e-10,2.0853057e-13,8.388175e-12,1.61246e-10
41,4XMM J174535.3-290140,266.39854092062,-29.025925421766,1.4465965e-10,2.9255182e-13,8.4453946e-12,1.6209575e-10
42,4XMM J174535.3-290140,266.39873452,-29.026136094294,1.6618962e-10,3.2138195e-13,9.644436e-12,1.8619839e-10
43,4XMM J174535.3-290140,266.39818843679,-29.026382171227,2.3711733e-10,8.878612e-13,9.675753e-12,2.5542013e-10
44,4XMM J121032.5+392421,182.63569475331,39.40588768617,1.2145725e-10,2.4167498e-13,9.788878e-12,1.3627237e-10
45,4XMM J174354.8-294443,265.97794739669,-29.745877513488,2.2394019e-10,1.0903278e-12,9.817407e-12,2.4606336e-10
46,4XMM J174535.3-290140,266.3985067978,-29.026076135999,1.897892e-10,3.1584178e-13,9.888398e-12,2.1041711e-10
47,4XMM J121032.5+392421,182.63569358355,39.405873660535,1.0670612e-10,1.9547113e-13,1.018023e-11,1.2174214e-10
48,4XMM J121032.5+392421,182.63570583628,39.405878018523,1.2870743e-10,2.43676e-13,1.0576757e-11,1.4472218e-10
49,4XMM J164612.6-452138,251.5527963492,-45.360581912838,1.028222e-10,9.141911e-12,1.1074543e-11,1.2094307e-10
50,4XMM J174535.6-290133,266.39836904042,-29.026092134617,3.036492e-10,4.1936097e-13,1.1458937e-11,3.2763234e-10
51,4XMM J174354.8-294443,265.97861081823,-29.745280597818,2.8514602e-10,7.408777e-13,1.188136e-11,3.0984895e-10
52,4XMM J164622.5-454113,251.5941098048,-45.686580896711,1.0322165e-10,2.9392478e-12,1.2258024e-11,1.2356098e-10
53,4XMM J174354.8-294443,265.97843819009,-29.746137292745,2.3325264e-10,7.5715546e-13,1.2394223e-11,2.5904814e-10
54,4XMM J174354.8-294443,265.97826180279,-29.745225157036,2.9191602e-10,8.9476094e-13,1.2460224e-11,3.177608e-10
55,4XMM J180112.5-250431,270.30228180994,-25.075467171946,1.0966075e-10,3.1134912e-12,1.2504104e-11,1.2972401e-10
56,4XMM J181431.0-170942,273.62908058132,-17.161765107126,1.0217876e-10,8.388001e-13,1.2536488e-11,1.1500159e-10
57,4XMM J132527.6-430108,201.36513058984,-43.019074515352,1.1197802e-10,2.6947444e-13,1.2545203e-11,1.3562691e-10
58,4XMM J132527.6-430108,201.3651796456,-43.019073602346,1.1687634e-10,3.831573e-13,1.2684434e-11,1.4030795e-10
59,4XMM J130158.7-635808,195.49485596295,-63.969730873086,1.2721015e-10,2.4745156e-12,1.2902524e-11,1.4863241e-10
60,4XMM J130158.7-635808,195.49339402064,-63.96915945708,1.2376863e-10,1.7360484e-12,1.3152418e-11,1.4578717e-10
61,4XMM J203238.8+410418,308.16357653384,41.071951317466,1.65068e-10,8.1432075e-12,1.3947727e-11,2.0472592e-10
62,4XMM J011802.6+651731,19.511152901562,65.291955950658,1.0473031e-10,1.9255505e-13,1.4162068e-11,1.3089267e-10
63,4XMM J132527.6-430108,201.36517933958,-43.019061741189,1.42902e-10,3.2321783e-13,1.4489437e-11,1.7002709e-10
64,4XMM J174354.8-294443,265.97864572031,-29.745218579197,2.2267914e-10,5.314143e-13,1.4860283e-11,2.5718758e-10
65,4XMM J121032.5+392421,182.63565295892,39.405791264285,1.1557278e-10,6.8987025e-13,1.5006574e-11,1.4004306e-10
66,4XMM J170356.5-375035,255.98567052233,-37.843142290143,2.6736321e-10,2.0231995e-12,1.55181e-11,2.9133515e-10
67,4XMM J033112.0+435415,52.800065385259,43.904305016264,1.3344736e-10,5.2423e-13,1.5573407e-11,1.6059655e-10
68,4XMM J174702.5-285259,266.76068137045,-28.883333740438,2.1653274e-10,1.5125139e-12,1.6132226e-11,2.5022417e-10
69,4XMM J090206.9-403316,135.52869374654,-40.554540849839,4.5490053e-10,3.6540988e-13,1.6332059e-11,4.8575916e-10
70,4XMM J170355.9-375035,255.98306990003,-37.843312758162,1.0047219e-10,1.1795047e-12,1.6471746e-11,1.3341583e-10
71,4XMM J121032.5+392421,182.63610723394,39.405791029429,1.0714069e-10,5.59008e-13,1.6590241e-11,1.3482844e-10
72,4XMM J114728.5-615713,176.8690220375,-61.953731681165,1.3214106e-10,4.95226e-13,1.661089e-11,1.6090075e-10
73,4XMM J174601.3-293041,266.50591627873,-29.512177360318,1.0793879e-10,6.9722956e-12,1.6734426e-11,1.5638311e-10
74,4XMM J174354.8-294443,265.97915140556,-29.745142312762,2.7717043e-10,9.421689e-13,1.6785006e-11,3.1491296e-10
75,4XMM J132527.6-430108,201.36496168877,-43.019136622998,1.6948964e-10,3.6589357e-13,1.6795768e-11,2.0205808e-10
76,4XMM J121032.5+392421,182.63587340126,39.405413766093,1.4556774e-10,5.480429e-13,1.7134889e-11,1.747564e-10
77,4XMM J164547.0-453650,251.4461450871,-45.613944131631,1.3284636e-10,1.9196454e-12,1.756714e-11,1.679496e-10
78,4XMM J112115.0-603725,170.31282552041,-60.623800881046,1.8683702e-10,7.333598e-14,1.7933667e-11,2.2405627e-10
79,4XMM J121032.5+392421,182.63571193388,39.405868342967,1.3476982e-10,4.7375173e-13,1.920662e-11,1.6825706e-10
80,4XMM J104503.5-594104,161.26614710433,-59.684782700502,1.0688099e-10,2.5508e-13,1.9295983e-11,1.3873092e-10
81,4XMM J181227.1-181231,273.11301942537,-18.208661588923,1.6632787e-10,7.0576158e-12,2.0135605e-11,2.0280623e-10
82,4XMM J104503.5-594104,161.26561603758,-59.684659333976,1.6366204e-10,2.788452e-13,2.085023e-11,1.9911389e-10
83,4XMM J170356.5-375035,255.98581577419,-37.842870614609,1.7921123e-10,1.5631118e-12,2.103581e-11,2.1128456e-10
84,4XMM J175657.3-250627,269.23911814223,-25.107570309275,1.2325527e-10,3.6680863e-13,2.1808522e-11,1.6162338e-10
85,4XMM J180128.1-250334,270.36721031898,-25.059552083248,1.7292416e-10,8.319534e-12,2.2173771e-11,2.1024225e-10
86,4XMM J174937.9-282118,267.40784070776,-28.355103360313,2.2364612e-10,9.49733e-13,2.2498337e-11,2.9134065e-10
87,4XMM J174605.3-293054,266.52123179955,-29.515410066187,3.1736166e-10,1.9416309e-12,2.3233736e-11,3.6591585e-10
88,4XMM J121032.5+392421,182.63566686976,39.405891934193,1.3279867e-10,4.787698e-13,2.3611928e-11,1.7383114e-10
89,4XMM J121032.5+392421,182.6356839053,39.405883328585,1.3726861e-10,5.31781e-13,2.3879945e-11,1.7888212e-10
90,4XMM J174725.8-300001,266.85776206156,-30.000502749615,1.256066e-10,2.186399e-13,2.5518369e-11,1.695306e-10
91,4XMM J174605.3-293054,266.52191971929,-29.515413575663,3.446469e-10,1.7372254e-12,2.5844693e-11,3.9773312e-10
92,4XMM J104503.5-594104,161.26453118014,-59.684438633089,1.0229373e-10,4.825816e-13,2.6530627e-11,1.4596967e-10
93,4XMM J132527.6-430108,201.36517827584,-43.019188822667,2.5700067e-10,6.3055187e-13,2.6734098e-11,3.0689556e-10
94,4XMM J104503.5-594104,161.26468127523,-59.684500214618,1.0256888e-10,4.836537e-13,2.6984597e-11,1.46685e-10
95,4XMM J104503.5-594104,161.26484761881,-59.684477470154,1.0288686e-10,4.886387e-13,2.7154024e-11,1.4725869e-10
96,4XMM J104503.5-594104,161.26450011556,-59.684499771236,1.0062845e-10,4.767538e-13,2.716113e-11,1.4531658e-10
97,4XMM J104503.5-594104,161.26480518051,-59.684597927797,1.0161999e-10,4.3888894e-13,2.7410275e-11,1.4665096e-10
98,4XMM J132637.0-620808,201.6545857665,-62.135822078526,1.1012574e-10,3.9035507e-13,2.8819544e-11,1.5738845e-10
99,4XMM J174605.3-293054,266.52325387596,-29.515136415387,2.2100007e-10,3.8341986e-12,3.0831785e-11,2.8689773e-10
100,4XMM J165749.8+352030,254.45820783866,35.34251205518,1.1753191e-10,1.0363355e-12,3.0916283e-11,1.5539166e-10
101,4XMM J121032.5+392421,182.63589968163,39.405894684755,1.8313634e-10,4.958564e-13,3.2188967e-11,2.4104022e-10
102,4XMM J174506.7-302243,266.27814366037,-30.378817121714,1.0835622e-10,3.4107306e-13,3.2413527e-11,1.6582118e-10
103,4XMM J174540.3-290024,266.41883861028,-29.004585824862,1.442322e-10,2.9840502e-13,3.315941e-11,2.4619246e-10
104,4XMM J174725.8-300001,266.85782402897,-30.000943315472,1.5360824e-10,4.77005e-13,3.3215052e-11,2.0602006e-10
105,4XMM J132527.6-430108,201.36493834772,-43.018704440757,3.3422928e-10,7.3402807e-13,3.3776856e-11,4.0014694e-10
106,4XMM J203215.2+373815,308.06363131779,37.637519024732,2.0245552e-10,4.5994626e-13,3.409812e-11,2.600679e-10
107,4XMM J175902.8-234308,269.76170176115,-23.719021980261,1.1550908e-10,4.8901464e-13,3.4111925e-11,1.7011001e-10
108,4XMM J005912.5-713844,14.802373009649,-71.645662234876,1.1242617e-10,3.7307708e-13,3.4358832e-11,1.6162316e-10
109,4XMM J121032.5+392421,182.63568846277,39.405864969448,1.834063e-10,4.2631686e-13,3.4454283e-11,2.4315927e-10
110,4XMM J132637.0-620808,201.6541423906,-62.135666626628,2.3066431e-10,8.8929656e-13,3.4743715e-11,3.140149e-10
111,4XMM J162804.4-491204,247.01853254704,-49.201139959852,1.9583522e-10,6.0746772e-12,3.6604813e-11,2.5303046e-10
112,4XMM J180132.2-204142,270.38456191741,-20.695050409633,1.2731706e-10,1.4924225e-12,3.8743522e-11,1.8143655e-10
113,4XMM J074833.7-674507,117.14104447674,-67.752243488615,1.0962874e-10,2.1793754e-13,3.9080142e-11,1.641025e-10
114,4XMM J104503.5-594104,161.26500483564,-59.684565114925,1.4455037e-10,4.3148506e-13,3.9470826e-11,2.0754969e-10
115,4XMM J005138.7-721704,12.911514597852,-72.284571909893,1.36624e-10,3.997103e-13,3.9959043e-11,2.1522117e-10
116,4XMM J165816.4-424150,254.56853725302,-42.697496448804,1.3801132e-10,2.7033328e-12,4.0600034e-11,2.2524643e-10
117,4XMM J175945.5-220139,269.9397291639,-22.027635558099,1.6838624e-10,7.5451597e-13,4.070301e-11,2.4480476e-10
118,4XMM J190938.0+094947,287.4084192181,9.8299536806263,2.1811879e-10,1.0673252e-12,4.0929832e-11,2.854551e-10
119,4XMM J162803.4-491149,247.01444114971,-49.197004323661,2.1605068e-10,5.978441e-12,4.196918e-11,2.8793198e-10
120,4XMM J191149.5+045857,287.95684943256,4.9830232036692,1.4873883e-10,7.027982e-13,4.318776e-11,2.1498589e-10
121,4XMM J191149.5+045857,287.95639343569,4.9827029165294,1.6542603e-10,4.4425257e-13,4.3434888e-11,2.3097847e-10
122,4XMM J181431.5-170847,273.63164877985,-17.146508392613,2.3708333e-10,2.2964996e-12,4.361877e-11,3.300735e-10
123,4XMM J174605.3-293054,266.52246809092,-29.515267552756,4.695087e-10,2.1707844e-12,4.4073793e-11,5.594333e-10
124,4XMM J181227.9-181235,273.11653052952,-18.209772773268,6.4962424e-10,2.5782967e-12,4.4656952e-11,7.37379e-10
125,4XMM J162802.7-491149,247.01139501458,-49.197111482024,2.6102226e-10,4.913005e-12,4.5449523e-11,3.4556039e-10
126,4XMM J162802.9-491157,247.01223319375,-49.199329883586,3.048602e-10,2.298283e-12,4.6010414e-11,3.8886538e-10
127,4XMM J121032.5+392421,182.63576802185,39.405742350299,2.2544763e-10,3.9079167e-13,4.608942e-11,3.0475825e-10
128,4XMM J191149.5+045857,287.95644437168,4.9824663929211,1.4447984e-10,5.1382314e-13,4.6245376e-11,2.1123187e-10
129,4XMM J191149.5+045857,287.95652021526,4.9828200764795,1.5043487e-10,7.545713e-13,4.6513807e-11,2.2111364e-10
130,4XMM J174937.9-282118,267.40827634868,-28.355008886656,2.3897542e-10,9.288404e-13,4.7418625e-11,3.1267317e-10
131,4XMM J220756.2+543106,331.98418890296,54.518425446615,1.8548828e-10,2.430307e-13,4.7682375e-11,2.669293e-10
132,4XMM J053426.9+221625,83.612233006085,22.273614850826,1.0756131e-10,1.0718912e-11,4.8128418e-11,1.6009946e-10
133,4XMM J191149.5+045857,287.95672515597,4.9829168774529,1.7441945e-10,5.809764e-13,4.8418346e-11,2.447512e-10
134,4XMM J181430.2-170906,273.62598387296,-17.150202389003,1.481802e-10,3.0872264e-12,4.8574023e-11,2.2596047e-10
135,4XMM J174805.1-244646,267.02155295142,-24.779537880106,4.042261e-10,8.147235e-13,4.924244e-11,5.604778e-10
136,4XMM J074833.7-674507,117.14070021641,-67.752188804141,1.0934528e-10,2.0217424e-13,5.1862212e-11,1.8094824e-10
137,4XMM J170356.7-375038,255.98660779282,-37.844146794618,8.707899e-10,1.6151105e-12,5.2272024e-11,9.577209e-10
138,4XMM J074833.7-674507,117.1406054319,-67.752145889963,1.1400429e-10,1.2234984e-13,5.3400166e-11,1.8225244e-10
139,4XMM J173857.4-442710,264.73957756505,-44.452815523083,1.0613542e-10,8.7613364e-13,5.4238978e-11,1.9078032e-10
140,4XMM J052029.9-693155,80.126542888332,-69.531796993514,2.2580088e-10,1.7801325e-12,5.5070594e-11,3.4009245e-10
141,4XMM J163216.7-672740,248.0697281519,-67.461188262141,1.1289885e-10,3.7708983e-13,5.608372e-11,1.8045072e-10
142,4XMM J053938.8-694435,84.910411160634,-69.743168096876,1.1245811e-10,4.97736e-13,5.7074588e-11,3.24146e-10
143,4XMM J074833.7-674507,117.14032401643,-67.752303005752,1.1291398e-10,2.303604e-13,5.780982e-11,1.9001724e-10
144,4XMM J170634.5+235818,256.6438180913,23.97182694776,1.0227895e-10,4.2598794e-13,6.0411405e-11,1.814774e-10
145,4XMM J174605.3-293054,266.52100184695,-29.514740678446,6.114786e-10,2.9781813e-12,6.259299e-11,7.3874434e-10
146,4XMM J182341.9-302114,275.92482904294,-30.354117907923,1.0119068e-10,1.2507736e-12,6.2593764e-11,1.7447524e-10
147,4XMM J005433.1-734100,13.636901927196,-73.683801009257,2.0403233e-10,3.4488227e-13,6.328089e-11,2.9299457e-10
148,4XMM J005433.1-734100,13.639755029302,-73.683510582289,1.9869016e-10,1.4815292e-12,6.3353454e-11,2.79668e-10
149,4XMM J053249.4-662212,83.206785946984,-66.370123197353,1.1466919e-10,3.634649e-13,6.733581e-11,1.9792218e-10
150,4XMM J162802.8-491154,247.01176463185,-49.198539051441,5.6783617e-10,1.3389139e-12,6.8148515e-11,6.902429e-10
151,4XMM J162802.8-491154,247.01205454715,-49.198123509423,6.123203e-10,1.3350177e-12,7.003829e-11,7.380888e-10
152,4XMM J162802.8-491154,247.0118119981,-49.198399258706,5.383769e-10,1.1757285e-12,7.007513e-11,6.641787e-10
153,4XMM J074833.7-674507,117.14082064929,-67.752243023195,1.1289704e-10,1.7482356e-13,7.0474994e-11,1.9319257e-10
154,4XMM J074833.7-674507,117.14189924072,-67.751943356611,1.2454977e-10,2.0494274e-13,7.1599206e-11,2.101032e-10
155,4XMM J181431.5-170859,273.63103538105,-17.148782243947,2.0439976e-10,1.2055538e-12,7.229163e-11,3.1892503e-10
156,4XMM J170356.7-375038,255.98635357326,-37.844017432855,6.291571e-10,1.2879653e-12,7.332956e-11,7.490816e-10
157,4XMM J175108.5-305740,267.78572480459,-30.961373230405,2.1781024e-10,5.0582704e-13,7.3379684e-11,3.4875758e-10
158,4XMM J054134.1-682548,85.393259111467,-68.43006037559,2.225785e-10,2.1745778e-12,7.3751276e-11,3.125596e-10
159,4XMM J174605.1-293053,266.52128212463,-29.514928135356,8.2113266e-10,2.8900046e-12,7.450516e-11,9.743899e-10
160,4XMM J074833.7-674507,117.14061175918,-67.751998059836,1.1970935e-10,1.7969456e-13,7.64767e-11,2.1631343e-10
161,4XMM J162802.8-491154,247.01156514244,-49.198463829437,7.482541e-10,3.794749e-13,7.78378e-11,9.117025e-10
162,4XMM J162802.8-491154,247.01160702914,-49.199623494981,8.617716e-10,2.6005435e-12,8.030273e-11,9.920594e-10
163,4XMM J053249.4-662212,83.207073762792,-66.370207347144,1.39847e-10,1.4205842e-13,8.133649e-11,2.403462e-10
164,4XMM J174605.3-293054,266.52149584127,-29.515052263736,9.938735e-10,2.073488e-12,8.220765e-11,1.1694331e-09
165,4XMM J180129.8-203114,270.37437798125,-20.520611526667,2.7533023e-10,3.4631482e-12,8.293923e-11,4.4996334e-10
166,4XMM J181431.5-170859,273.63053357595,-17.148662110168,3.4447334e-10,2.389242e-12,8.7331586e-11,4.8544524e-10
167,4XMM J181432.7-170928,273.63747016667,-17.159187118884,2.805115e-10,1.6755168e-12,8.7333564e-11,4.1265566e-10
168,4XMM J162802.8-491154,247.01187498637,-49.198409390445,6.5356603e-10,6.409808e-13,8.769042e-11,8.1834556e-10
169,4XMM J171137.2-380705,257.90514889072,-38.118240628296,3.5343004e-10,1.1858408e-12,8.800611e-11,5.0543203e-10
170,4XMM J162802.8-491154,247.01174715087,-49.198530551392,7.3057915e-10,1.0446851e-12,8.910611e-11,8.906556e-10
171,4XMM J214438.2+381950,326.15920954277,38.330571068185,2.0468051e-10,2.3583407e-12,9.054337e-11,4.1986947e-10
172,4XMM J182546.6-370618,276.4441813492,-37.105250490542,3.048358e-10,6.8252364e-13,9.091475e-11,4.2694842e-10
173,4XMM J175113.4-303723,267.8059027768,-30.623300580013,2.1681851e-10,7.9269284e-13,9.169422e-11,3.3732964e-10
174,4XMM J232315.9+584923,350.81627153481,58.823101700716,1.4283602e-10,2.4993705e-12,9.480891e-11,3.369372e-10
175,4XMM J002903.0+593418,7.2626574462167,59.572014479766,1.3213325e-10,3.5335447e-13,9.707924e-11,2.4444347e-10
176,4XMM J182432.3-245206,276.135114715,-24.868029763194,1.640766e-10,2.838504e-13,9.9133965e-11,2.7995675e-10
177,4XMM J181430.2-170906,273.62755389666,-17.15155122146,4.403135e-10,3.331467e-12,9.932157e-11,5.6082733e-10
178,4XMM J090206.9-403316,135.52879933114,-40.554779556237,1.0097687e-09,7.05121e-13,1.0298883e-10,1.1828772e-09
179,4XMM J052029.9-693155,80.125653076804,-69.531618735099,2.4379584e-10,4.863601e-12,1.0309396e-10,3.6661743e-10
180,4XMM J175328.1-012704,268.36810005288,-1.451544252788,1.0695634e-10,6.1100647e-13,1.0359168e-10,2.1055954e-10
181,4XMM J175108.5-305740,267.78546219545,-30.961345650093,2.2022097e-10,3.9641066e-13,1.0420664e-10,3.6100717e-10
182,4XMM J182432.3-245206,276.13473654941,-24.868679984465,1.747132e-10,4.620121e-13,1.0508736e-10,2.9781652e-10
183,4XMM J170854.3-440608,257.22632055443,-44.102336643685,3.0109723e-10,6.755051e-13,1.0713735e-10,4.8487875e-10
184,4XMM J170249.1-484723,255.70580330059,-48.790086251719,1.5754559e-10,2.3990665e-13,1.0766181e-10,2.9276534e-10
185,4XMM J191116.0+003505,287.81699862742,0.58480034648623,1.4207405e-10,6.6817857e-13,1.0827781e-10,2.7701225e-10
186,4XMM J053249.4-662212,83.206337361817,-66.37095057411,1.8874573e-10,5.290127e-13,1.0960817e-10,3.2346895e-10
187,4XMM J005642.4+604300,14.177567509719,60.716641274465,1.4122535e-10,2.5393573e-13,1.1174734e-10,2.740576e-10
188,4XMM J180133.8-203123,270.39090779038,-20.52320167243,3.0899155e-10,2.9986226e-12,1.120553e-10,4.895547e-10
189,4XMM J203225.7+405730,308.10707862148,40.957896448954,9.462386e-10,2.4616446e-12,1.1317083e-10,1.1284796e-09
190,4XMM J182546.8-370618,276.44505955886,-37.105286478605,3.4761063e-10,6.020711e-13,1.1365838e-10,4.927235e-10
191,4XMM J180112.3-254436,270.30201068181,-25.743482768347,3.8160514e-10,9.284992e-13,1.1491395e-10,5.7482996e-10
192,4XMM J165749.7+352032,254.4573144398,35.342405742524,4.1851456e-10,1.7245763e-12,1.1553731e-10,5.7413096e-10
193,4XMM J165812.8-424153,254.55337802258,-42.698311783661,7.840937e-10,1.0784009e-12,1.1600575e-10,9.889335e-10
194,4XMM J005642.4+604300,14.176681501394,60.716622346361,1.2051546e-10,3.1515852e-13,1.1614311e-10,2.5392824e-10
195,4XMM J203225.7+405730,308.10772509541,40.958240828432,9.134864e-10,3.4041023e-12,1.1690755e-10,1.0985718e-09
196,4XMM J170258.5-484800,255.74399871208,-48.80017298997,1.0167368e-10,5.8654167e-12,1.1754832e-10,4.5351756e-10
197,4XMM J181334.0-093158,273.39176837004,-9.5330116192767,2.3773858e-10,8.9367516e-13,1.17997e-10,3.8858894e-10
198,4XMM J053249.4-662212,83.20468810563,-66.370023698308,1.8747522e-10,5.2369795e-13,1.2127646e-10,3.410481e-10
199,4XMM J092418.1-314217,141.07559476506,-31.704811051555,1.2281819e-10,7.4113177e-13,1.2368438e-10,2.6353264e-10
200,4XMM J162038.3-153939,245.15959935488,-15.660881325467,2.5464375e-10,3.1840253e-12,1.2744865e-10,3.7471048e-10
201,4XMM J165749.7+352032,254.45755964113,35.342371931776,3.1757685e-10,1.0383848e-12,1.282538e-10,4.836792e-10
202,4XMM J165811.8-424153,254.54939444309,-42.698266864227,8.1550244e-10,1.302158e-12,1.3209843e-10,1.0386685e-09
203,4XMM J035522.9+310244,58.845741930855,31.045781377844,3.1825503e-10,8.0245137e-13,1.3504727e-10,5.059076e-10
204,4XMM J232312.6+584830,350.80372391789,58.809016364492,2.3136622e-10,1.6356647e-12,1.4066989e-10,4.9485843e-10
205,4XMM J232323.8+584740,350.84852721839,58.794980829572,1.3955105e-10,1.5078183e-12,1.4362889e-10,2.6051122e-10
206,4XMM J035522.9+310244,58.845786761278,31.045941046069,3.0607836e-10,2.0967573e-13,1.4438557e-10,4.9770293e-10
207,4XMM J180407.6-342054,271.03202642399,-34.348384142585,6.0910665e-10,3.060047e-12,1.4462338e-10,1.0737339e-09
208,4XMM J170907.6-362425,257.28187816461,-36.407007607452,3.3631695e-10,9.46244e-13,1.5054225e-10,5.349448e-10
209,4XMM J122906.6+020308,187.27791858681,2.0522313934578,1.1158911e-10,2.130833e-13,1.5237824e-10,2.8683375e-10
210,4XMM J165811.8-424153,254.55085471086,-42.698411897159,8.9849467e-10,1.8126956e-12,1.5807519e-10,1.1839987e-09
211,4XMM J175012.7-370308,267.55293003691,-37.051878835088,4.3615797e-10,2.801073e-13,1.5891359e-10,7.6694284e-10
212,4XMM J203225.7+405730,308.10735174915,40.958768422274,1.0421422e-09,2.3922437e-12,1.6282992e-10,1.2947285e-09
213,4XMM J055646.2-331026,89.193092680666,-33.176176902805,2.97722e-10,1.2027841e-12,1.6360209e-10,8.604053e-10
214,4XMM J165220.3-452039,253.08485883792,-45.344433766532,2.4968036e-10,7.013121e-13,1.6411623e-10,5.1466065e-10
215,4XMM J165749.7+352032,254.45755401689,35.342180330556,3.7132328e-10,1.5001397e-12,1.6429962e-10,5.8204747e-10
216,4XMM J011705.0-732636,19.270322147058,-73.443537539279,3.513539e-10,7.675617e-13,1.6567595e-10,5.4788224e-10
217,4XMM J170907.6-362425,257.28178190747,-36.407267893889,3.6255157e-10,8.8259933e-13,1.659465e-10,5.805951e-10
218,4XMM J170634.5+235818,256.64406360294,23.972003986895,3.729918e-10,1.0102405e-12,1.6879488e-10,5.9842487e-10
219,4XMM J135716.8-093237,209.32014685834,-9.5437789588539,1.5302346e-10,6.3428104e-13,1.7397621e-10,3.5469488e-10
220,4XMM J170945.8-362758,257.44119383523,-36.466053197635,1.6244146e-10,7.304213e-13,1.8240513e-10,4.0440568e-10
221,4XMM J055646.2-331026,89.192982034148,-33.174176319869,1.747873e-10,7.3356723e-13,1.8659115e-10,3.7866438e-10
222,4XMM J170206.5-295644,255.52677214996,-29.945977133046,3.052477e-10,4.1472373e-13,1.8884433e-10,5.8743493e-10
223,4XMM J165811.5-424200,254.54806444347,-42.700273393707,1.7279688e-09,1.3653207e-12,1.9235902e-10,2.2026858e-09
224,4XMM J182340.5-302051,275.91896585497,-30.347528926943,2.2185537e-10,2.1755033e-12,2.0333843e-10,4.8712534e-10
225,4XMM J031948.2+413038,49.95123339665,41.51088292867,1.1226604e-10,4.0919143e-13,2.1516182e-10,3.4046127e-10
226,4XMM J053431.0+215827,83.629185381777,21.974241669481,1.9623254e-10,1.3676668e-11,2.2095875e-10,4.1673467e-10
227,4XMM J165749.8+352030,254.4579165575,35.342504126762,7.075426e-10,2.098669e-12,2.2502591e-10,1.2423444e-09
228,4XMM J024340.4+612602,40.918518193103,61.433928566492,8.4876123e-10,2.9041702e-12,2.2906935e-10,1.1410642e-09
229,4XMM J011705.0-732636,19.270512733281,-73.443301884962,4.800159e-10,9.219142e-13,2.353481e-10,7.557833e-10
230,4XMM J170249.1-484723,255.70254214583,-48.789505232453,3.3970904e-10,4.6985674e-13,2.3583946e-10,6.0620586e-10
231,4XMM J165749.8+352030,254.45743588061,35.340808232207,3.807255e-10,3.0463835e-12,2.3615662e-10,6.784856e-10
232,4XMM J175013.1-064228,267.55454938873,-6.7077635404337,1.6306312e-10,7.941506e-13,2.4028796e-10,4.292513e-10
233,4XMM J170945.8-362758,257.44085569911,-36.466196424925,2.9085656e-10,1.6993133e-12,2.4785113e-10,6.33189e-10
234,4XMM J170356.7-375038,255.98727031347,-37.843811474632,1.1587618e-09,1.9911089e-12,2.498319e-10,1.490589e-09
235,4XMM J170249.1-484723,255.70427912018,-48.78958052946,3.5444225e-10,5.6230996e-13,2.5000582e-10,6.383239e-10
236,4XMM J194935.5+301226,297.39858028483,30.206459992423,8.049344e-10,4.0127654e-12,2.5367236e-10,1.2607401e-09
237,4XMM J232312.6+584830,350.80308633352,58.808370845171,1.4761103e-10,9.976476e-13,2.5391386e-10,4.4601697e-10
238,4XMM J232312.6+584830,350.80519903057,58.807440841009,1.3019148e-10,1.3028924e-12,2.5801075e-10,3.9678905e-10
239,4XMM J011705.0-732636,19.270707031135,-73.443603586955,5.277472e-10,9.943694e-13,2.6185407e-10,8.338742e-10
240,4XMM J053938.8-694435,84.912532692929,-69.74324296589,3.5515813e-10,1.8883064e-12,2.6376137e-10,7.071803e-10
241,4XMM J180112.3-254436,270.30077596305,-25.743224994637,3.3230685e-10,8.0899355e-13,2.649896e-10,7.3306183e-10
242,4XMM J173157.6-335000,262.99041213076,-33.833577702186,1.0351084e-09,3.1929418e-12,2.6618951e-10,1.4599714e-09
243,4XMM J175012.7-370308,267.55299634444,-37.052436624875,4.337684e-10,3.794203e-13,2.670415e-10,7.5090967e-10
244,4XMM J181430.0-170900,273.62513663115,-17.150271394585,1.0269581e-10,2.7659767e-12,2.7148006e-10,1.606831e-10
245,4XMM J175012.7-370308,267.55318317177,-37.052237840558,4.1475548e-10,9.905046e-13,2.7154412e-10,7.3527384e-10
246,4XMM J182928.1-234748,277.36721777405,-23.796698181438,5.623755e-10,1.1295901e-12,2.7337932e-10,9.316677e-10
247,4XMM J182022.0+071108,275.09180713531,7.1856990099803,2.6618244e-10,9.851206e-13,2.7482241e-10,5.691865e-10
248,4XMM J031948.2+413038,49.95113992929,41.510260219879,1.2544724e-10,1.0229376e-12,2.782587e-10,4.122075e-10
249,4XMM J232312.6+584830,350.8041597063,58.80854835882,1.5636463e-10,7.3926314e-13,2.7835162e-10,4.748945e-10
250,4XMM J232321.9+584803,350.83999529335,58.800982979889,1.3444607e-10,6.997297e-13,2.801371e-10,2.8257222e-10
251,4XMM J232323.0+585020,350.84539514955,58.838300761469,1.9418339e-10,3.9250203e-13,2.8535604e-10,1.1873995e-09
252,4XMM J061707.5+090813,94.281301821206,9.137033619993,1.6634216e-10,1.1326273e-12,2.8732866e-10,4.438706e-10
253,4XMM J170249.1-484723,255.70546920351,-48.789701686465,4.5610937e-10,5.5736297e-13,2.9877167e-10,8.1970714e-10
254,4XMM J195924.3+114232,299.85131894432,11.709078543456,2.4761607e-10,1.0315557e-12,3.0093308e-10,5.642461e-10
255,4XMM J125737.2-691719,194.40513280017,-69.288779573744,3.1163508e-10,1.1382485e-12,3.0174663e-10,6.489167e-10
256,4XMM J232321.9+584803,350.84262954084,58.8009964322,1.1825119e-10,7.285688e-13,3.0732014e-10,2.3888577e-10
257,4XMM J170249.1-484723,255.70560962199,-48.789702130077,4.80524e-10,7.323137e-13,3.0737804e-10,8.6753527e-10
258,4XMM J182022.0+071108,275.09172513019,7.1856484399398,3.0432382e-10,1.1670804e-12,3.1112923e-10,6.4810474e-10
259,4XMM J011705.0-732636,19.270957983199,-73.443270819522,6.404489e-10,1.8128118e-13,3.1213113e-10,1.0308213e-09
260,4XMM J170249.1-484723,255.70539110208,-48.789815477255,4.891865e-10,7.3526303e-13,3.1398975e-10,8.819945e-10
261,4XMM J181431.0-170942,273.63032276625,-17.159842118698,1.607414e-09,8.566583e-12,3.1541414e-10,2.4440117e-09
262,4XMM J125737.2-691719,194.40486808693,-69.28868473909,3.978144e-10,7.4569046e-13,3.173749e-10,7.692289e-10
263,4XMM J052028.0-715732,80.117069074923,-71.958916539334,3.703536e-10,9.171312e-13,3.1771177e-10,7.6753276e-10
264,4XMM J125737.2-691719,194.40542333889,-69.288608010574,3.97671e-10,9.603653e-13,3.2042916e-10,7.6161066e-10
265,4XMM J172858.6-361436,262.24447970976,-36.243553649098,3.0155697e-10,8.514554e-13,3.3232783e-10,6.9668254e-10
266,4XMM J180827.5-365843,272.11452191082,-36.978487534292,3.2934516e-10,1.4312738e-12,3.394608e-10,1.0243508e-09
267,4XMM J170615.4-430209,256.56418713281,-43.035982364835,9.034276e-10,6.790737e-13,3.397148e-10,1.3934971e-09
268,4XMM J154754.6-623405,236.97788710906,-62.568187390466,2.600234e-10,6.349343e-13,3.415045e-10,6.2357974e-10
269,4XMM J170206.5-295644,255.52727811058,-29.945751858824,4.158958e-10,2.017991e-12,3.4488704e-10,8.6436036e-10
270,4XMM J195959.7+650854,299.99864692012,65.148618765577,1.404011e-10,2.459192e-13,3.5193357e-10,5.018112e-10
271,4XMM J165749.7+352032,254.45853464714,35.34539011707,5.2003857e-10,3.1150178e-12,3.5648642e-10,9.414967e-10
272,4XMM J110427.2+381231,166.11393841387,38.208771775566,1.1026756e-10,2.9844158e-13,3.7933548e-10,5.68833e-10
273,4XMM J110427.2+381231,166.11377587591,38.208942073322,1.3064518e-10,2.4419957e-13,3.8418926e-10,6.405166e-10
274,4XMM J110427.2+381231,166.11276626574,38.208781345503,1.5430579e-10,2.6529365e-13,3.8996661e-10,5.6993615e-10
275,4XMM J181429.7-170935,273.62499776621,-17.15840193297,1.83693e-09,1.9985047e-11,4.020554e-10,2.7600668e-09
276,4XMM J110427.3+381232,166.11400377779,38.209038780375,1.5617432e-10,7.535692e-13,4.1502524e-10,5.6824334e-10
277,4XMM J170907.6-362425,257.28177390548,-36.407199016757,5.582751e-10,9.089351e-13,4.1765835e-10,1.0796506e-09
278,4XMM J173953.3-282955,264.97237278736,-28.498755620824,1.2277015e-09,1.5762337e-12,4.300119e-10,1.851326e-09
279,4XMM J163401.5-472335,248.50660615037,-47.39315339793,5.764492e-09,5.7631634e-12,4.3501044e-10,6.7924977e-09
280,4XMM J110427.2+381231,166.11368652851,38.208984505834,1.1546994e-10,2.900977e-13,4.412712e-10,7.2945405e-10
281,4XMM J180110.8-250439,270.29509902788,-25.077504116801,2.7414973e-09,1.4125166e-11,4.5891638e-10,3.4974013e-09
282,4XMM J232312.6+584830,350.80350526804,58.806875880064,2.3278379e-10,1.434185e-12,4.6072576e-10,7.640463e-10
283,4XMM J175215.0-222031,268.06274073302,-22.342043573768,3.6778308e-10,7.163331e-13,4.6621357e-10,8.5526497e-10
284,4XMM J181431.0-170942,273.62935936527,-17.161840344331,1.2070407e-09,5.5825366e-12,4.7780574e-10,2.0108752e-09
285,4XMM J110427.2+381231,166.11348048828,38.209013729296,1.7539482e-10,5.194003e-13,4.8626225e-10,7.17405e-10
286,4XMM J110427.2+381231,166.11340410015,38.208744982259,1.6069368e-10,6.5510916e-13,4.891827e-10,6.5649447e-10
287,4XMM J165749.7+352032,254.45694299718,35.342055625369,7.957583e-10,3.0756697e-12,5.1549304e-10,1.3988236e-09
288,4XMM J180132.1-203215,270.38391756533,-20.537525568247,1.5087693e-09,9.4822605e-12,5.211719e-10,2.384629e-09
289,4XMM J110427.2+381231,166.11399628183,38.208511478757,1.3233603e-10,3.8439946e-13,5.224694e-10,7.569103e-10
290,4XMM J232339.7+584834,350.91570551262,58.809727317563,1.9301653e-10,2.5729076e-12,5.476243e-10,7.459872e-10
291,4XMM J110427.2+381231,166.11388336847,38.208699206211,1.6407006e-10,2.5401282e-13,5.4925264e-10,8.1278173e-10
292,4XMM J110427.2+381231,166.11367580343,38.208837863192,1.435186e-10,2.8587682e-13,5.6091526e-10,7.287402e-10
293,4XMM J110427.2+381231,166.11420329162,38.209024869981,2.0244675e-10,5.1871056e-13,5.9248145e-10,8.978391e-10
294,4XMM J181431.1-170919,273.62997587337,-17.155337688399,2.4527924e-09,2.658309e-12,5.937766e-10,3.4028886e-09
295,4XMM J110427.2+381231,166.11365981343,38.208801433595,2.242049e-10,6.510353e-13,5.948693e-10,8.0283236e-10
296,4XMM J110427.2+381231,166.11378047686,38.208992400658,1.6824214e-10,3.182422e-13,5.970657e-10,8.630416e-10
297,4XMM J110427.2+381231,166.11363421441,38.208742560846,1.7198129e-10,3.2638624e-13,6.2448663e-10,9.039125e-10
298,4XMM J053429.2+220240,83.62189793328,22.044571818325,2.7696148e-10,1.5056798e-11,6.256611e-10,7.0758716e-10
299,4XMM J162038.1-154136,245.15882206197,-15.693422176692,1.3695665e-09,3.034205e-11,6.3510436e-10,2.0167397e-09
300,4XMM J182340.5-302203,275.91897575544,-30.367594629095,5.2017485e-10,2.9110408e-12,6.428302e-10,1.1390904e-09
301,4XMM J181431.0-170942,273.62938842608,-17.161568363656,1.9967905e-09,3.7907798e-12,6.465551e-10,3.008003e-09
302,4XMM J181431.0-170942,273.62995292829,-17.160990728723,1.8683721e-09,9.232955e-12,6.476309e-10,2.8705578e-09
303,4XMM J110427.2+381231,166.11441523284,38.208799009038,1.8557697e-10,8.67796e-13,6.65372e-10,8.7104657e-10
304,4XMM J110427.2+381231,166.11354058043,38.208919036377,1.65956e-10,4.7532513e-13,6.741573e-10,8.9182434e-10
305,4XMM J232322.2+585014,350.84169812359,58.837291143356,2.1531998e-10,9.871342e-13,6.826474e-10,1.2096193e-09
306,4XMM J214440.1+382023,326.16727525046,38.339961240253,5.690662e-10,6.911325e-12,6.8791883e-10,1.167595e-09
307,4XMM J053856.6-640503,84.735423710691,-64.084292508817,3.555644e-10,1.3749005e-12,6.9235406e-10,1.0387425e-09
308,4XMM J232334.8+584749,350.89124194511,58.800216642153,1.5435593e-10,1.0785092e-11,6.965179e-10,7.5566575e-10
309,4XMM J181429.6-170914,273.62426303069,-17.154223471855,2.3815876e-09,2.2840388e-13,7.01952e-10,3.477778e-09
310,4XMM J181431.0-170942,273.6279157235,-17.16048066753,3.1893448e-09,6.230602e-12,7.064336e-10,4.315036e-09
311,4XMM J110427.2+381231,166.11322535821,38.20903193436,3.5897166e-10,7.130341e-13,7.182007e-10,1.1023674e-09
312,4XMM J181431.9-170925,273.63316183989,-17.15716100751,2.5159903e-09,2.9624027e-12,7.4939593e-10,3.765063e-09
313,4XMM J110427.2+381231,166.11386135888,38.208716489142,3.901791e-10,3.8911197e-13,7.6520956e-10,1.3276927e-09
314,4XMM J232323.0+585020,350.84467626718,58.838508962091,1.9829899e-10,9.374672e-13,7.8437595e-10,1.0719483e-09
315,4XMM J232325.9+584804,350.85988260203,58.801653959535,3.159959e-10,2.6410688e-12,7.8454293e-10,1.1354554e-09
316,4XMM J110427.2+381231,166.11302974384,38.209290461197,3.4688022e-10,8.3790765e-13,8.2823043e-10,1.4320362e-09
317,4XMM J164547.7-453640,251.44876450284,-45.611123420479,4.5205595e-09,5.4322107e-12,8.4030777e-10,5.8570206e-09
318,4XMM J161243.0-522535,243.17924214525,-52.426608178278,1.3355317e-09,1.3186314e-11,8.6579843e-10,2.4188498e-09
319,4XMM J232337.6+584810,350.90641346535,58.802669237345,1.8507525e-10,4.5762543e-12,9.0274743e-10,1.0693424e-09
320,4XMM J232339.7+584834,350.91435819176,58.808484322779,1.3303443e-10,1.4167436e-12,9.2194496e-10,6.8727946e-10
321,4XMM J232323.0+585020,350.84597255278,58.839376408453,2.1228391e-10,3.1302706e-12,9.330887e-10,1.1762831e-09
322,4XMM J232337.6+584810,350.90571240014,58.804475978625,1.8984486e-10,1.5401008e-12,9.369409e-10,1.0963636e-09
323,4XMM J170854.3-440608,257.22732099049,-44.102253670254,3.5938938e-09,5.017102e-12,9.463822e-10,5.3032014e-09
324,4XMM J232323.0+585020,350.84584999153,58.837838799006,2.1051337e-10,1.3577456e-12,9.919505e-10,1.0634962e-09
325,4XMM J191511.5+105644,288.79682492326,10.945844866424,4.6230837e-09,1.1553758e-11,1.012038e-09,6.2385466e-09
326,4XMM J110427.2+381231,166.11320906703,38.208967667611,2.1748389e-10,8.4116205e-13,1.0161901e-09,1.0318626e-09
327,4XMM J164055.4-534503,250.23110252627,-53.751059135915,1.0962298e-09,1.433726e-12,1.0268438e-09,2.4106215e-09
328,4XMM J232338.0+584817,350.90641479228,58.805170116485,2.114225e-10,1.0511309e-12,1.0306018e-09,1.201151e-09
329,4XMM J232323.0+585020,350.84477367379,58.839450603639,2.594525e-10,2.5624511e-12,1.0444716e-09,1.3047204e-09
330,4XMM J232323.0+585020,350.84658619983,58.839108145648,3.8969217e-10,3.701902e-12,1.0502131e-09,1.4232142e-09
331,4XMM J232323.0+585020,350.85105502206,58.83814502995,2.593268e-10,1.866134e-12,1.1434295e-09,1.3578977e-09
332,4XMM J232337.6+584810,350.9050716962,58.803999677721,2.2431858e-10,1.0379673e-12,1.1556279e-09,1.3429716e-09
333,4XMM J164055.4-534503,250.23129741943,-53.751238998558,1.3360414e-09,1.9886653e-12,1.1602954e-09,2.847869e-09
334,4XMM J232322.2+585014,350.8433734285,58.83722898402,2.6892016e-10,1.9999753e-12,1.1729566e-09,1.3879886e-09
335,4XMM J232323.0+585020,350.8449376483,58.837986918363,2.8206e-10,1.7710876e-12,1.183993e-09,1.4141149e-09
336,4XMM J232337.6+584810,350.90540047999,58.804113605302,2.5143707e-10,1.3802558e-12,1.2374275e-09,1.4103464e-09
337,4XMM J173858.3-442659,264.74314454033,-44.449839053745,1.8089177e-09,2.315754e-12,1.3037842e-09,3.2153062e-09
338,4XMM J232323.0+585020,350.84692924111,58.837927831849,1.8073638e-10,1.1846347e-12,1.3475508e-09,1.0318786e-09
339,4XMM J180105.9-250442,270.27490705298,-25.078597244113,7.982383e-09,2.1579516e-11,1.4137843e-09,1.031012e-08
340,4XMM J171958.9-314500,259.99576555132,-31.750239076129,4.5498308e-10,1.0076673e-12,1.4685351e-09,2.1805602e-09
341,4XMM J053431.1+220101,83.629755160502,22.016723796831,1.2580055e-09,4.3973263e-12,1.5327837e-09,2.985162e-09
342,4XMM J173144.2-165742,262.93427808503,-16.961806687091,1.8133784e-09,4.942385e-12,1.5690381e-09,3.4669676e-09
343,4XMM J173144.2-165742,262.93407498861,-16.96195557972,2.0389828e-09,3.3332712e-12,1.6097774e-09,3.7868944e-09
344,4XMM J053431.1+220101,83.629639983442,22.017714099029,1.3411044e-09,4.742324e-12,1.7833158e-09,3.3110132e-09
345,4XMM J214441.9+381920,326.17483142412,38.322321073478,2.1782998e-09,3.880767e-12,1.8775181e-09,4.459367e-09
346,4XMM J182340.5-302203,275.91988132695,-30.367332459943,2.4419553e-09,7.588284e-12,1.9357367e-09,4.4238506e-09
347,4XMM J232323.0+585020,350.84566242236,58.839646829933,4.7300314e-10,1.0491297e-11,2.0227457e-09,2.1976667e-09
